5/9/2025 19:12,20000,Thanh Toan 1746792765956
5/9/2025 19:13,20000,Thanh Toan 1746792808586
5/9/2025 19:13,20000,Thanh Toan 1746792825819
5/9/2025 19:26,20000,Thanh Toan 1746793561413
5/9/2025 19:26,20000,Thanh Toan 1746793570633
5/9/2025 19:28,20000,Thanh Toan 1746793715197
5/9/2025 19:29,140000,Thanh Toan 1746793758345
2025-05-09 23:28:22,20000,Thanh Toan 1746808093157
2025-05-09 23:29:20,20000,Thanh Toan 1746808153421
2025-05-09 23:38:02,20000,Thanh Toan 1746808674337
2025-05-09 23:39:08,20000,Thanh Toan 1746808743371
2025-05-09 23:39:41,20000,Thanh Toan 1746808776549
2025-05-11 09:52:40,20000,Thanh Toan 1746931954197
2025-05-12 16:23:02,20000,Thanh Toan 1747041779361
2025-05-12 17:45:23,20000,Thanh Toan 1747046719265
2025-05-16 15:33:51,20000,Thanh Toan 1747384426720
2025-05-16 16:19:43,20000,Thanh Toan 1747387179761
